<?xml version="1.0" encoding="UTF-8"?>
<GenRun Id="synth_1" LaunchPart="xc7a100tcsg324-1" LaunchTime="1710915927">
  <File Type="PA-TCL" Name="tx_wrapper.tcl"/>
  <File Type="RDS-PROPCONSTRS" Name="tx_wrapper_drc_synth.rpt"/>
  <File Type="REPORTS-TCL" Name="tx_wrapper_reports.tcl"/>
  <File Type="RDS-RDS" Name="tx_wrapper.vds"/>
  <File Type="RDS-UTIL" Name="tx_wrapper_utilization_synth.rpt"/>
  <File Type="RDS-UTIL-PB" Name="tx_wrapper_utilization_synth.pb"/>
  <File Type="RDS-DCP" Name="tx_wrapper.dcp"/>
  <File Type="VDS-TIMINGSUMMARY" Name="tx_wrapper_timing_summary_synth.rpt"/>
  <File Type="VDS-TIMING-PB" Name="tx_wrapper_timing_summary_synth.pb"/>
  <FileSet Name="sources" Type="DesignSrcs" RelSrcDir="$PSRCDIR/sources_1">
    <Filter Type="Srcs"/>
    <File Path="$PPRDIR/../OV7670/OV7670.srcs/sources_1/new/i2c_sender.vhd">
      <FileInfo>
        <Attr Name="UsedIn" Val="synthesis"/>
        <Attr Name="UsedIn" Val="simulation"/>
      </FileInfo>
    </File>
    <File Path="$PPRDIR/../OV7670/OV7670.srcs/sources_1/new/ov7670_registers.vhd">
      <FileInfo>
        <Attr Name="UsedIn" Val="synthesis"/>
        <Attr Name="UsedIn" Val="simulation"/>
      </FileInfo>
    </File>
    <File Path="$PPRDIR/../OV7670/OV7670.srcs/sources_1/new/ov7670_controller.vhd">
      <FileInfo>
        <Attr Name="UsedIn" Val="synthesis"/>
        <Attr Name="UsedIn" Val="simulation"/>
      </FileInfo>
    </File>
    <File Path="$PPRDIR/../OV7670/OV7670.srcs/sources_1/new/debounce.vhd">
      <FileInfo>
        <Attr Name="UsedIn" Val="synthesis"/>
        <Attr Name="UsedIn" Val="simulation"/>
      </FileInfo>
    </File>
    <File Path="$PPRDIR/../OV7670/OV7670.srcs/sources_1/new/ov7670_capture.vhd">
      <FileInfo>
        <Attr Name="UsedIn" Val="synthesis"/>
        <Attr Name="UsedIn" Val="simulation"/>
      </FileInfo>
    </File>
    <File Path="$PPRDIR/../streamer.v">
      <FileInfo>
        <Attr Name="UsedIn" Val="synthesis"/>
        <Attr Name="UsedIn" Val="implementation"/>
        <Attr Name="UsedIn" Val="simulation"/>
      </FileInfo>
    </File>
    <File Path="$PPRDIR/../packetizer.v">
      <FileInfo>
        <Attr Name="UsedIn" Val="synthesis"/>
        <Attr Name="UsedIn" Val="implementation"/>
        <Attr Name="UsedIn" Val="simulation"/>
      </FileInfo>
    </File>
    <File Path="$PSRCDIR/sources_1/bd/tx/tx.bd">
      <FileInfo>
        <Attr Name="UsedIn" Val="synthesis"/>
        <Attr Name="UsedIn" Val="implementation"/>
        <Attr Name="UsedIn" Val="simulation"/>
      </FileInfo>
    </File>
    <File Path="$PSRCDIR/sources_1/bd/tx/hdl/tx_wrapper.v">
      <FileInfo>
        <Attr Name="UsedIn" Val="synthesis"/>
        <Attr Name="UsedIn" Val="implementation"/>
        <Attr Name="UsedIn" Val="simulation"/>
      </FileInfo>
    </File>
    <File Path="$PPRDIR/../OV7670/OV7670.srcs/sources_1/new/ov7670_vga.vhd">
      <FileInfo>
        <Attr Name="UserDisabled" Val="1"/>
        <Attr Name="UsedIn" Val="synthesis"/>
        <Attr Name="UsedIn" Val="simulation"/>
      </FileInfo>
    </File>
    <Config>
      <Option Name="DesignMode" Val="RTL"/>
      <Option Name="TopModule" Val="tx_wrapper"/>
    </Config>
  </FileSet>
  <FileSet Name="constrs_in" Type="Constrs" RelSrcDir="$PSRCDIR/constrs_1">
    <Filter Type="Constrs"/>
    <File Path="$PSRCDIR/constrs_1/new/constraints.xdc">
      <FileInfo>
        <Attr Name="UsedIn" Val="synthesis"/>
        <Attr Name="UsedIn" Val="implementation"/>
      </FileInfo>
    </File>
    <Config>
      <Option Name="TargetConstrsFile" Val="$PSRCDIR/constrs_1/new/constraints.xdc"/>
      <Option Name="ConstrsType" Val="XDC"/>
    </Config>
  </FileSet>
  <FileSet Name="utils" Type="Utils" RelSrcDir="$PSRCDIR/utils_1">
    <Filter Type="Utils"/>
    <Config>
      <Option Name="TopAutoSet" Val="TRUE"/>
    </Config>
  </FileSet>
  <Strategy Version="1" Minor="2">
    <StratHandle Name="Vivado Synthesis Defaults" Flow="Vivado Synthesis 2018"/>
    <Step Id="synth_design"/>
  </Strategy>
  <BlockFileSet Type="BlockSrcs" Name="tx_streamer_0_0"/>
  <BlockFileSet Type="BlockSrcs" Name="tx_clk_wiz_0_0"/>
  <BlockFileSet Type="BlockSrcs" Name="tx_ov7670_controller_0_0"/>
  <BlockFileSet Type="BlockSrcs" Name="tx_mii_to_rmii_0_0"/>
  <BlockFileSet Type="BlockSrcs" Name="tx_ov7670_capture_0_1"/>
  <BlockFileSet Type="BlockSrcs" Name="tx_debounce_0_0"/>
  <BlockFileSet Type="BlockSrcs" Name="tx_blk_mem_gen_0_0"/>
  <BlockFileSet Type="BlockSrcs" Name="tx_proc_sys_reset_0_0"/>
  <BlockFileSet Type="BlockSrcs" Name="tx_ila_0_0"/>
  <BlockFileSet Type="BlockSrcs" Name="tx_packetizer_0_0"/>
</GenRun>
