<?xml version="1.0" encoding="UTF-8"?>
<GenRun Id="tx_ov7670_capture_0_1_synth_1" LaunchPart="xc7a100tcsg324-1" LaunchTime="1710315539">
  <File Type="PA-TCL" Name="tx_ov7670_capture_0_1.tcl"/>
  <File Type="REPORTS-TCL" Name="tx_ov7670_capture_0_1_reports.tcl"/>
  <File Type="RDS-RDS" Name="tx_ov7670_capture_0_1.vds"/>
  <File Type="RDS-UTIL" Name="tx_ov7670_capture_0_1_utilization_synth.rpt"/>
  <File Type="RDS-UTIL-PB" Name="tx_ov7670_capture_0_1_utilization_synth.pb"/>
  <File Type="RDS-DCP" Name="tx_ov7670_capture_0_1.dcp"/>
  <FileSet Name="sources" Type="BlockSrcs" RelSrcDir="$PSRCDIR/tx_ov7670_capture_0_1">
    <File Path="$PSRCDIR/sources_1/bd/tx/ip/tx_ov7670_capture_0_1/tx_ov7670_capture_0_1.xci">
      <FileInfo>
        <Attr Name="UsedIn" Val="synthesis"/>
        <Attr Name="UsedIn" Val="implementation"/>
        <Attr Name="UsedIn" Val="simulation"/>
      </FileInfo>
    </File>
    <Config>
      <Option Name="TopModule" Val="tx_ov7670_capture_0_1"/>
      <Option Name="UseBlackboxStub" Val="1"/>
    </Config>
  </FileSet>
  <FileSet Name="constrs_in" Type="BlockSrcs" RelSrcDir="$PSRCDIR/tx_ov7670_capture_0_1">
    <File Path="$PSRCDIR/sources_1/bd/tx/ip/tx_ov7670_capture_0_1/tx_ov7670_capture_0_1.xci">
      <FileInfo>
        <Attr Name="UsedIn" Val="synthesis"/>
        <Attr Name="UsedIn" Val="implementation"/>
        <Attr Name="UsedIn" Val="simulation"/>
      </FileInfo>
    </File>
    <Config>
      <Option Name="TopModule" Val="tx_ov7670_capture_0_1"/>
      <Option Name="UseBlackboxStub" Val="1"/>
    </Config>
  </FileSet>
  <FileSet Name="utils" Type="Utils" RelSrcDir="$PSRCDIR/utils_1">
    <Filter Type="Utils"/>
    <Config>
      <Option Name="TopAutoSet" Val="TRUE"/>
    </Config>
  </FileSet>
  <Strategy Version="1" Minor="2">
    <StratHandle Name="Vivado Synthesis Defaults" Flow="Vivado Synthesis 2018"/>
    <Step Id="synth_design"/>
  </Strategy>
</GenRun>
