<?xml version="1.0"?>
<Runs Version="1" Minor="0">
	<Run Id="tx_clk_wiz_0_0_synth_1" LaunchDir="C:/Users/Balaji/Desktop/ece532/newstream/tx/tx.runs/tx_clk_wiz_0_0_synth_1" FlowId="Vivado_Synthesis" FromStepId="vivado" ToStepId="vivado"/>
	<Run Id="tx_ov7670_controller_0_0_synth_1" LaunchDir="C:/Users/Balaji/Desktop/ece532/newstream/tx/tx.runs/tx_ov7670_controller_0_0_synth_1" FlowId="Vivado_Synthesis" FromStepId="vivado" ToStepId="vivado"/>
	<Run Id="tx_streamer_0_0_synth_1" LaunchDir="C:/Users/Balaji/Desktop/ece532/newstream/tx/tx.runs/tx_streamer_0_0_synth_1" FlowId="Vivado_Synthesis" FromStepId="vivado" ToStepId="vivado"/>
	<Run Id="tx_ov7670_capture_0_1_synth_1" LaunchDir="C:/Users/Balaji/Desktop/ece532/newstream/tx/tx.runs/tx_ov7670_capture_0_1_synth_1" FlowId="Vivado_Synthesis" FromStepId="vivado" ToStepId="vivado"/>
	<Run Id="tx_mii_to_rmii_0_0_synth_1" LaunchDir="C:/Users/Balaji/Desktop/ece532/newstream/tx/tx.runs/tx_mii_to_rmii_0_0_synth_1" FlowId="Vivado_Synthesis" FromStepId="vivado" ToStepId="vivado"/>
	<Run Id="tx_packetizer_0_0_synth_1" LaunchDir="C:/Users/Balaji/Desktop/ece532/newstream/tx/tx.runs/tx_packetizer_0_0_synth_1" FlowId="Vivado_Synthesis" FromStepId="vivado" ToStepId="vivado"/>
	<Run Id="tx_axi_ethernetlite_0_0_synth_1" LaunchDir="C:/Users/Balaji/Desktop/ece532/newstream/tx/tx.runs/tx_axi_ethernetlite_0_0_synth_1" FlowId="Vivado_Synthesis" FromStepId="vivado" ToStepId="vivado"/>
	<Run Id="tx_debounce_0_0_synth_1" LaunchDir="C:/Users/Balaji/Desktop/ece532/newstream/tx/tx.runs/tx_debounce_0_0_synth_1" FlowId="Vivado_Synthesis" FromStepId="vivado" ToStepId="vivado"/>
	<Run Id="synth_1" LaunchDir="C:/Users/Balaji/Desktop/ece532/newstream/tx/tx.runs/synth_1" FlowId="Vivado_Synthesis" FromStepId="vivado" ToStepId="vivado">
		<Parent Id="tx_clk_wiz_0_0_synth_1"/>
		<Parent Id="tx_ov7670_controller_0_0_synth_1"/>
		<Parent Id="tx_streamer_0_0_synth_1"/>
		<Parent Id="tx_ov7670_capture_0_1_synth_1"/>
		<Parent Id="tx_mii_to_rmii_0_0_synth_1"/>
		<Parent Id="tx_packetizer_0_0_synth_1"/>
		<Parent Id="tx_axi_ethernetlite_0_0_synth_1"/>
		<Parent Id="tx_debounce_0_0_synth_1"/>
	</Run>
	<Run Id="impl_1" LaunchDir="C:/Users/Balaji/Desktop/ece532/newstream/tx/tx.runs/impl_1" FlowId="Vivado_Implementation" FromStepId="init_design" ToStepId="write_bitstream">
		<Parent Id="synth_1"/>
		<Parent Id="tx_clk_wiz_0_0_synth_1"/>
		<Parent Id="tx_ov7670_controller_0_0_synth_1"/>
		<Parent Id="tx_streamer_0_0_synth_1"/>
		<Parent Id="tx_ov7670_capture_0_1_synth_1"/>
		<Parent Id="tx_mii_to_rmii_0_0_synth_1"/>
		<Parent Id="tx_packetizer_0_0_synth_1"/>
		<Parent Id="tx_axi_ethernetlite_0_0_synth_1"/>
		<Parent Id="tx_debounce_0_0_synth_1"/>
	</Run>
	<Parameters>
		<Parameter Name="runs.monitorLSFJobs" Val="true" Type="bool"/>
	</Parameters>
</Runs>

