<?xml version="1.0" encoding="UTF-8"?>
<GenRun Id="impl_1" LaunchPart="xc7a100tcsg324-1" LaunchTime="1710915927">
  <File Type="BITSTR-BMM" Name="tx_wrapper_bd.bmm"/>
  <File Type="OPT-METHODOLOGY-DRC" Name="tx_wrapper_methodology_drc_opted.rpt"/>
  <File Type="INIT-TIMING" Name="tx_wrapper_timing_summary_init.rpt"/>
  <File Type="ROUTE-PWR" Name="tx_wrapper_power_routed.rpt"/>
  <File Type="PA-TCL" Name="tx_wrapper.tcl"/>
  <File Type="OPT-TIMING" Name="tx_wrapper_timing_summary_opted.rpt"/>
  <File Type="OPT-DCP" Name="tx_wrapper_opt.dcp"/>
  <File Type="ROUTE-PWR-SUM" Name="tx_wrapper_power_summary_routed.pb"/>
  <File Type="REPORTS-TCL" Name="tx_wrapper_reports.tcl"/>
  <File Type="OPT-DRC" Name="tx_wrapper_drc_opted.rpt"/>
  <File Type="OPT-HWDEF" Name="tx_wrapper.hwdef"/>
  <File Type="PWROPT-DCP" Name="tx_wrapper_pwropt.dcp"/>
  <File Type="PWROPT-DRC" Name="tx_wrapper_drc_pwropted.rpt"/>
  <File Type="PWROPT-TIMING" Name="tx_wrapper_timing_summary_pwropted.rpt"/>
  <File Type="PLACE-DCP" Name="tx_wrapper_placed.dcp"/>
  <File Type="PLACE-IO" Name="tx_wrapper_io_placed.rpt"/>
  <File Type="PLACE-CLK" Name="tx_wrapper_clock_utilization_placed.rpt"/>
  <File Type="PLACE-UTIL" Name="tx_wrapper_utilization_placed.rpt"/>
  <File Type="PLACE-UTIL-PB" Name="tx_wrapper_utilization_placed.pb"/>
  <File Type="PLACE-CTRL" Name="tx_wrapper_control_sets_placed.rpt"/>
  <File Type="PLACE-SIMILARITY" Name="tx_wrapper_incremental_reuse_placed.rpt"/>
  <File Type="PLACE-PRE-SIMILARITY" Name="tx_wrapper_incremental_reuse_pre_placed.rpt"/>
  <File Type="BG-BGN" Name="tx_wrapper.bgn"/>
  <File Type="PLACE-TIMING" Name="tx_wrapper_timing_summary_placed.rpt"/>
  <File Type="POSTPLACE-PWROPT-DCP" Name="tx_wrapper_postplace_pwropt.dcp"/>
  <File Type="BG-BIN" Name="tx_wrapper.bin"/>
  <File Type="POSTPLACE-PWROPT-TIMING" Name="tx_wrapper_timing_summary_postplace_pwropted.rpt"/>
  <File Type="PHYSOPT-DCP" Name="tx_wrapper_physopt.dcp"/>
  <File Type="PHYSOPT-DRC" Name="tx_wrapper_drc_physopted.rpt"/>
  <File Type="BITSTR-MSK" Name="tx_wrapper.msk"/>
  <File Type="PHYSOPT-TIMING" Name="tx_wrapper_timing_summary_physopted.rpt"/>
  <File Type="ROUTE-ERROR-DCP" Name="tx_wrapper_routed_error.dcp"/>
  <File Type="ROUTE-DCP" Name="tx_wrapper_routed.dcp"/>
  <File Type="ROUTE-BLACKBOX-DCP" Name="tx_wrapper_routed_bb.dcp"/>
  <File Type="ROUTE-DRC" Name="tx_wrapper_drc_routed.rpt"/>
  <File Type="ROUTE-DRC-PB" Name="tx_wrapper_drc_routed.pb"/>
  <File Type="BITSTR-LTX" Name="debug_nets.ltx"/>
  <File Type="BITSTR-LTX" Name="tx_wrapper.ltx"/>
  <File Type="ROUTE-DRC-RPX" Name="tx_wrapper_drc_routed.rpx"/>
  <File Type="BITSTR-MMI" Name="tx_wrapper.mmi"/>
  <File Type="ROUTE-METHODOLOGY-DRC" Name="tx_wrapper_methodology_drc_routed.rpt"/>
  <File Type="ROUTE-METHODOLOGY-DRC-RPX" Name="tx_wrapper_methodology_drc_routed.rpx"/>
  <File Type="BITSTR-SYSDEF" Name="tx_wrapper.sysdef"/>
  <File Type="ROUTE-METHODOLOGY-DRC-PB" Name="tx_wrapper_methodology_drc_routed.pb"/>
  <File Type="ROUTE-PWR-RPX" Name="tx_wrapper_power_routed.rpx"/>
  <File Type="ROUTE-STATUS" Name="tx_wrapper_route_status.rpt"/>
  <File Type="ROUTE-STATUS-PB" Name="tx_wrapper_route_status.pb"/>
  <File Type="ROUTE-TIMINGSUMMARY" Name="tx_wrapper_timing_summary_routed.rpt"/>
  <File Type="ROUTE-TIMING-PB" Name="tx_wrapper_timing_summary_routed.pb"/>
  <File Type="ROUTE-TIMING-RPX" Name="tx_wrapper_timing_summary_routed.rpx"/>
  <File Type="ROUTE-SIMILARITY" Name="tx_wrapper_incremental_reuse_routed.rpt"/>
  <File Type="ROUTE-CLK" Name="tx_wrapper_clock_utilization_routed.rpt"/>
  <File Type="ROUTE-BUS-SKEW" Name="tx_wrapper_bus_skew_routed.rpt"/>
  <File Type="ROUTE-BUS-SKEW-PB" Name="tx_wrapper_bus_skew_routed.pb"/>
  <File Type="ROUTE-BUS-SKEW-RPX" Name="tx_wrapper_bus_skew_routed.rpx"/>
  <File Type="POSTROUTE-PHYSOPT-DCP" Name="tx_wrapper_postroute_physopt.dcp"/>
  <File Type="POSTROUTE-PHYSOPT-BLACKBOX-DCP" Name="tx_wrapper_postroute_physopt_bb.dcp"/>
  <File Type="POSTROUTE-PHYSOPT-TIMING" Name="tx_wrapper_timing_summary_postroute_physopted.rpt"/>
  <File Type="POSTROUTE-PHYSOPT-TIMING-PB" Name="tx_wrapper_timing_summary_postroute_physopted.pb"/>
  <File Type="POSTROUTE-PHYSOPT-TIMING-RPX" Name="tx_wrapper_timing_summary_postroute_physopted.rpx"/>
  <File Type="POSTROUTE-PHYSOPT-BUS-SKEW" Name="tx_wrapper_bus_skew_postroute_physopted.rpt"/>
  <File Type="POSTROUTE-PHYSOPT-BUS-SKEW-PB" Name="tx_wrapper_bus_skew_postroute_physopted.pb"/>
  <File Type="BG-BIT" Name="tx_wrapper.bit"/>
  <File Type="POSTROUTE-PHYSOPT-BUS-SKEW-RPX" Name="tx_wrapper_bus_skew_postroute_physopted.rpx"/>
  <File Type="BITSTR-RBT" Name="tx_wrapper.rbt"/>
  <File Type="BITSTR-NKY" Name="tx_wrapper.nky"/>
  <File Type="BG-DRC" Name="tx_wrapper.drc"/>
  <File Type="RDI-RDI" Name="tx_wrapper.vdi"/>
  <File Type="WBT-USG" Name="usage_statistics_webtalk.html"/>
  <FileSet Name="sources" Type="DesignSrcs" RelSrcDir="$PSRCDIR/sources_1">
    <Filter Type="Srcs"/>
    <File Path="$PPRDIR/../OV7670/OV7670.srcs/sources_1/new/i2c_sender.vhd">
      <FileInfo>
        <Attr Name="UsedIn" Val="synthesis"/>
        <Attr Name="UsedIn" Val="simulation"/>
      </FileInfo>
    </File>
    <File Path="$PPRDIR/../OV7670/OV7670.srcs/sources_1/new/ov7670_registers.vhd">
      <FileInfo>
        <Attr Name="UsedIn" Val="synthesis"/>
        <Attr Name="UsedIn" Val="simulation"/>
      </FileInfo>
    </File>
    <File Path="$PPRDIR/../OV7670/OV7670.srcs/sources_1/new/ov7670_controller.vhd">
      <FileInfo>
        <Attr Name="UsedIn" Val="synthesis"/>
        <Attr Name="UsedIn" Val="simulation"/>
      </FileInfo>
    </File>
    <File Path="$PPRDIR/../OV7670/OV7670.srcs/sources_1/new/debounce.vhd">
      <FileInfo>
        <Attr Name="UsedIn" Val="synthesis"/>
        <Attr Name="UsedIn" Val="simulation"/>
      </FileInfo>
    </File>
    <File Path="$PPRDIR/../OV7670/OV7670.srcs/sources_1/new/ov7670_capture.vhd">
      <FileInfo>
        <Attr Name="UsedIn" Val="synthesis"/>
        <Attr Name="UsedIn" Val="simulation"/>
      </FileInfo>
    </File>
    <File Path="$PPRDIR/../streamer.v">
      <FileInfo>
        <Attr Name="UsedIn" Val="synthesis"/>
        <Attr Name="UsedIn" Val="implementation"/>
        <Attr Name="UsedIn" Val="simulation"/>
      </FileInfo>
    </File>
    <File Path="$PPRDIR/../packetizer.v">
      <FileInfo>
        <Attr Name="UsedIn" Val="synthesis"/>
        <Attr Name="UsedIn" Val="implementation"/>
        <Attr Name="UsedIn" Val="simulation"/>
      </FileInfo>
    </File>
    <File Path="$PSRCDIR/sources_1/bd/tx/tx.bd">
      <FileInfo>
        <Attr Name="UsedIn" Val="synthesis"/>
        <Attr Name="UsedIn" Val="implementation"/>
        <Attr Name="UsedIn" Val="simulation"/>
      </FileInfo>
    </File>
    <File Path="$PSRCDIR/sources_1/bd/tx/hdl/tx_wrapper.v">
      <FileInfo>
        <Attr Name="UsedIn" Val="synthesis"/>
        <Attr Name="UsedIn" Val="implementation"/>
        <Attr Name="UsedIn" Val="simulation"/>
      </FileInfo>
    </File>
    <File Path="$PPRDIR/../OV7670/OV7670.srcs/sources_1/new/ov7670_vga.vhd">
      <FileInfo>
        <Attr Name="UserDisabled" Val="1"/>
        <Attr Name="UsedIn" Val="synthesis"/>
        <Attr Name="UsedIn" Val="simulation"/>
      </FileInfo>
    </File>
    <Config>
      <Option Name="DesignMode" Val="RTL"/>
      <Option Name="TopModule" Val="tx_wrapper"/>
    </Config>
  </FileSet>
  <FileSet Name="constrs_in" Type="Constrs" RelSrcDir="$PSRCDIR/constrs_1">
    <Filter Type="Constrs"/>
    <File Path="$PSRCDIR/constrs_1/new/constraints.xdc">
      <FileInfo>
        <Attr Name="UsedIn" Val="synthesis"/>
        <Attr Name="UsedIn" Val="implementation"/>
      </FileInfo>
    </File>
    <Config>
      <Option Name="TargetConstrsFile" Val="$PSRCDIR/constrs_1/new/constraints.xdc"/>
      <Option Name="ConstrsType" Val="XDC"/>
    </Config>
  </FileSet>
  <FileSet Name="utils" Type="Utils" RelSrcDir="$PSRCDIR/utils_1">
    <Filter Type="Utils"/>
    <Config>
      <Option Name="TopAutoSet" Val="TRUE"/>
    </Config>
  </FileSet>
  <Strategy Version="1" Minor="2">
    <StratHandle Name="Vivado Implementation Defaults" Flow="Vivado Implementation 2018"/>
    <Step Id="init_design"/>
    <Step Id="opt_design"/>
    <Step Id="power_opt_design"/>
    <Step Id="place_design"/>
    <Step Id="post_place_power_opt_design"/>
    <Step Id="phys_opt_design"/>
    <Step Id="route_design"/>
    <Step Id="post_route_phys_opt_design"/>
    <Step Id="write_bitstream"/>
  </Strategy>
  <BlockFileSet Type="BlockSrcs" Name="tx_streamer_0_0"/>
  <BlockFileSet Type="BlockSrcs" Name="tx_clk_wiz_0_0"/>
  <BlockFileSet Type="BlockSrcs" Name="tx_ov7670_controller_0_0"/>
  <BlockFileSet Type="BlockSrcs" Name="tx_mii_to_rmii_0_0"/>
  <BlockFileSet Type="BlockSrcs" Name="tx_ov7670_capture_0_1"/>
  <BlockFileSet Type="BlockSrcs" Name="tx_debounce_0_0"/>
  <BlockFileSet Type="BlockSrcs" Name="tx_blk_mem_gen_0_0"/>
  <BlockFileSet Type="BlockSrcs" Name="tx_proc_sys_reset_0_0"/>
  <BlockFileSet Type="BlockSrcs" Name="tx_ila_0_0"/>
  <BlockFileSet Type="BlockSrcs" Name="tx_packetizer_0_0"/>
</GenRun>
