<?xml version="1.0" encoding="UTF-8" ?>
<webTalkData  fileName='usage_statistics_webtalk.xml'  majorVersion='1' minorVersion='0' timeStamp='Wed Mar 13 04:13:36 2024'>
<section name="__ROOT__" level="0" order="1" description="">
 <section name="software_version_and_target_device" level="1" order="1" description="">
  <keyValuePair key="beta" value="FALSE" description="" />
  <keyValuePair key="build_version" value="2405991" description="" />
  <keyValuePair key="date_generated" value="Wed Mar 13 04:13:36 2024" description="" />
  <keyValuePair key="os_platform" value="WIN64" description="" />
  <keyValuePair key="product_version" value="Vivado v2018.3 (64-bit)" description="" />
  <keyValuePair key="project_id" value="b778cfb86b47499fbdb8061e57407147" description="" />
  <keyValuePair key="project_iteration" value="6" description="" />
  <keyValuePair key="random_id" value="a6d0993b2bdc53389746b1e7221dc0bf" description="" />
  <keyValuePair key="registration_id" value="a6d0993b2bdc53389746b1e7221dc0bf" description="" />
  <keyValuePair key="route_design" value="TRUE" description="" />
  <keyValuePair key="target_device" value="xc7a100t" description="" />
  <keyValuePair key="target_family" value="artix7" description="" />
  <keyValuePair key="target_package" value="csg324" description="" />
  <keyValuePair key="target_speed" value="-1" description="" />
  <keyValuePair key="tool_flow" value="Vivado" description="" />
 </section>
 <section name="user_environment" level="1" order="2" description="">
  <keyValuePair key="cpu_name" value="AMD Ryzen 7 7800X3D 8-Core Processor           " description="" />
  <keyValuePair key="cpu_speed" value="4192 MHz" description="" />
  <keyValuePair key="os_name" value="Microsoft Windows 8 or later , 64-bit" description="" />
  <keyValuePair key="os_release" value="major release  (build 9200)" description="" />
  <keyValuePair key="system_ram" value="33.000 GB" description="" />
  <keyValuePair key="total_processors" value="1" description="" />
 </section>
 <section name="ip_statistics" level="1" order="3" description="">
  <section name="IP_Integrator/1" level="2" order="1" description="">
   <keyValuePair key="bdsource" value="USER" description="" />
   <keyValuePair key="core_container" value="NA" description="" />
   <keyValuePair key="da_board_cnt" value="1" description="" />
   <keyValuePair key="iptotal" value="1" description="" />
   <keyValuePair key="maxhierdepth" value="0" description="" />
   <keyValuePair key="numblks" value="6" description="" />
   <keyValuePair key="numhdlrefblks" value="4" description="" />
   <keyValuePair key="numhierblks" value="0" description="" />
   <keyValuePair key="numhlsblks" value="0" description="" />
   <keyValuePair key="numnonxlnxblks" value="0" description="" />
   <keyValuePair key="numpkgbdblks" value="0" description="" />
   <keyValuePair key="numreposblks" value="6" description="" />
   <keyValuePair key="numsysgenblks" value="0" description="" />
   <keyValuePair key="synth_mode" value="OOC_per_IP" description="" />
   <keyValuePair key="x_iplanguage" value="VERILOG" description="" />
   <keyValuePair key="x_iplibrary" value="BlockDiagram" description="" />
   <keyValuePair key="x_ipname" value="design_1" description="" />
   <keyValuePair key="x_ipvendor" value="xilinx.com" description="" />
   <keyValuePair key="x_ipversion" value="1.00.a" description="" />
  </section>
  <section name="blk_mem_gen_v8_4_2/1" level="2" order="2" description="">
   <keyValuePair key="c_addra_width" value="18" description="" />
   <keyValuePair key="c_addrb_width" value="18" description="" />
   <keyValuePair key="c_algorithm" value="1" description="" />
   <keyValuePair key="c_axi_id_width" value="4" description="" />
   <keyValuePair key="c_axi_slave_type" value="0" description="" />
   <keyValuePair key="c_axi_type" value="1" description="" />
   <keyValuePair key="c_byte_size" value="9" description="" />
   <keyValuePair key="c_common_clk" value="0" description="" />
   <keyValuePair key="c_count_18k_bram" value="0" description="" />
   <keyValuePair key="c_count_36k_bram" value="88" description="" />
   <keyValuePair key="c_ctrl_ecc_algo" value="NONE" description="" />
   <keyValuePair key="c_default_data" value="0" description="" />
   <keyValuePair key="c_disable_warn_bhv_coll" value="0" description="" />
   <keyValuePair key="c_disable_warn_bhv_range" value="0" description="" />
   <keyValuePair key="c_elaboration_dir" value="./" description="" />
   <keyValuePair key="c_en_deepsleep_pin" value="0" description="" />
   <keyValuePair key="c_en_ecc_pipe" value="0" description="" />
   <keyValuePair key="c_en_rdaddra_chg" value="0" description="" />
   <keyValuePair key="c_en_rdaddrb_chg" value="0" description="" />
   <keyValuePair key="c_en_safety_ckt" value="0" description="" />
   <keyValuePair key="c_en_shutdown_pin" value="0" description="" />
   <keyValuePair key="c_en_sleep_pin" value="0" description="" />
   <keyValuePair key="c_enable_32bit_address" value="0" description="" />
   <keyValuePair key="c_est_power_summary" value="Estimated Power for IP     _     17.081226 mW" description="" />
   <keyValuePair key="c_family" value="artix7" description="" />
   <keyValuePair key="c_has_axi_id" value="0" description="" />
   <keyValuePair key="c_has_ena" value="0" description="" />
   <keyValuePair key="c_has_enb" value="0" description="" />
   <keyValuePair key="c_has_injecterr" value="0" description="" />
   <keyValuePair key="c_has_mem_output_regs_a" value="0" description="" />
   <keyValuePair key="c_has_mem_output_regs_b" value="1" description="" />
   <keyValuePair key="c_has_mux_output_regs_a" value="0" description="" />
   <keyValuePair key="c_has_mux_output_regs_b" value="0" description="" />
   <keyValuePair key="c_has_regcea" value="0" description="" />
   <keyValuePair key="c_has_regceb" value="0" description="" />
   <keyValuePair key="c_has_rsta" value="0" description="" />
   <keyValuePair key="c_has_rstb" value="0" description="" />
   <keyValuePair key="c_has_softecc_input_regs_a" value="0" description="" />
   <keyValuePair key="c_has_softecc_output_regs_b" value="0" description="" />
   <keyValuePair key="c_init_file" value="NONE" description="" />
   <keyValuePair key="c_init_file_name" value="no_coe_file_loaded" description="" />
   <keyValuePair key="c_inita_val" value="0" description="" />
   <keyValuePair key="c_initb_val" value="0" description="" />
   <keyValuePair key="c_interface_type" value="0" description="" />
   <keyValuePair key="c_load_init_file" value="0" description="" />
   <keyValuePair key="c_mem_type" value="1" description="" />
   <keyValuePair key="c_mux_pipeline_stages" value="0" description="" />
   <keyValuePair key="c_prim_type" value="1" description="" />
   <keyValuePair key="c_read_depth_a" value="262144" description="" />
   <keyValuePair key="c_read_depth_b" value="262144" description="" />
   <keyValuePair key="c_read_latency_a" value="1" description="" />
   <keyValuePair key="c_read_latency_b" value="1" description="" />
   <keyValuePair key="c_read_width_a" value="12" description="" />
   <keyValuePair key="c_read_width_b" value="12" description="" />
   <keyValuePair key="c_rst_priority_a" value="CE" description="" />
   <keyValuePair key="c_rst_priority_b" value="CE" description="" />
   <keyValuePair key="c_rstram_a" value="0" description="" />
   <keyValuePair key="c_rstram_b" value="0" description="" />
   <keyValuePair key="c_sim_collision_check" value="ALL" description="" />
   <keyValuePair key="c_use_bram_block" value="0" description="" />
   <keyValuePair key="c_use_byte_wea" value="0" description="" />
   <keyValuePair key="c_use_byte_web" value="0" description="" />
   <keyValuePair key="c_use_default_data" value="0" description="" />
   <keyValuePair key="c_use_ecc" value="0" description="" />
   <keyValuePair key="c_use_softecc" value="0" description="" />
   <keyValuePair key="c_use_uram" value="0" description="" />
   <keyValuePair key="c_wea_width" value="1" description="" />
   <keyValuePair key="c_web_width" value="1" description="" />
   <keyValuePair key="c_write_depth_a" value="262144" description="" />
   <keyValuePair key="c_write_depth_b" value="262144" description="" />
   <keyValuePair key="c_write_mode_a" value="NO_CHANGE" description="" />
   <keyValuePair key="c_write_mode_b" value="WRITE_FIRST" description="" />
   <keyValuePair key="c_write_width_a" value="12" description="" />
   <keyValuePair key="c_write_width_b" value="12" description="" />
   <keyValuePair key="c_xdevicefamily" value="artix7" description="" />
   <keyValuePair key="core_container" value="false" description="" />
   <keyValuePair key="iptotal" value="1" description="" />
   <keyValuePair key="x_ipcorerevision" value="2" description="" />
   <keyValuePair key="x_iplanguage" value="VERILOG" description="" />
   <keyValuePair key="x_iplibrary" value="ip" description="" />
   <keyValuePair key="x_ipname" value="blk_mem_gen" description="" />
   <keyValuePair key="x_ipproduct" value="Vivado 2018.3" description="" />
   <keyValuePair key="x_ipsimlanguage" value="MIXED" description="" />
   <keyValuePair key="x_ipvendor" value="xilinx.com" description="" />
   <keyValuePair key="x_ipversion" value="8.4" description="" />
  </section>
  <section name="clk_wiz_v6_0_2_0_0/1" level="2" order="3" description="">
   <keyValuePair key="clkin1_period" value="10.000" description="" />
   <keyValuePair key="clkin2_period" value="10.000" description="" />
   <keyValuePair key="clock_mgr_type" value="NA" description="" />
   <keyValuePair key="component_name" value="design_1_clk_wiz_0_0" description="" />
   <keyValuePair key="core_container" value="NA" description="" />
   <keyValuePair key="enable_axi" value="0" description="" />
   <keyValuePair key="feedback_source" value="FDBK_AUTO" description="" />
   <keyValuePair key="feedback_type" value="SINGLE" description="" />
   <keyValuePair key="iptotal" value="1" description="" />
   <keyValuePair key="manual_override" value="false" description="" />
   <keyValuePair key="num_out_clk" value="2" description="" />
   <keyValuePair key="primitive" value="MMCM" description="" />
   <keyValuePair key="use_dyn_phase_shift" value="false" description="" />
   <keyValuePair key="use_dyn_reconfig" value="false" description="" />
   <keyValuePair key="use_inclk_stopped" value="false" description="" />
   <keyValuePair key="use_inclk_switchover" value="false" description="" />
   <keyValuePair key="use_locked" value="false" description="" />
   <keyValuePair key="use_max_i_jitter" value="false" description="" />
   <keyValuePair key="use_min_o_jitter" value="false" description="" />
   <keyValuePair key="use_phase_alignment" value="true" description="" />
   <keyValuePair key="use_power_down" value="false" description="" />
   <keyValuePair key="use_reset" value="false" description="" />
  </section>
  <section name="debounce/1" level="2" order="4" description="">
   <keyValuePair key="core_container" value="NA" description="" />
   <keyValuePair key="iptotal" value="1" description="" />
   <keyValuePair key="x_ipcorerevision" value="1" description="" />
   <keyValuePair key="x_iplanguage" value="VERILOG" description="" />
   <keyValuePair key="x_iplibrary" value="module_ref" description="" />
   <keyValuePair key="x_ipname" value="debounce" description="" />
   <keyValuePair key="x_ipproduct" value="Vivado 2018.3" description="" />
   <keyValuePair key="x_ipsimlanguage" value="MIXED" description="" />
   <keyValuePair key="x_ipvendor" value="xilinx.com" description="" />
   <keyValuePair key="x_ipversion" value="1.0" description="" />
  </section>
  <section name="ov7670_capture/1" level="2" order="5" description="">
   <keyValuePair key="core_container" value="NA" description="" />
   <keyValuePair key="iptotal" value="1" description="" />
   <keyValuePair key="x_ipcorerevision" value="1" description="" />
   <keyValuePair key="x_iplanguage" value="VERILOG" description="" />
   <keyValuePair key="x_iplibrary" value="module_ref" description="" />
   <keyValuePair key="x_ipname" value="ov7670_capture" description="" />
   <keyValuePair key="x_ipproduct" value="Vivado 2018.3" description="" />
   <keyValuePair key="x_ipsimlanguage" value="MIXED" description="" />
   <keyValuePair key="x_ipvendor" value="xilinx.com" description="" />
   <keyValuePair key="x_ipversion" value="1.0" description="" />
  </section>
  <section name="ov7670_controller/1" level="2" order="6" description="">
   <keyValuePair key="core_container" value="NA" description="" />
   <keyValuePair key="iptotal" value="1" description="" />
   <keyValuePair key="x_ipcorerevision" value="1" description="" />
   <keyValuePair key="x_iplanguage" value="VERILOG" description="" />
   <keyValuePair key="x_iplibrary" value="module_ref" description="" />
   <keyValuePair key="x_ipname" value="ov7670_controller" description="" />
   <keyValuePair key="x_ipproduct" value="Vivado 2018.3" description="" />
   <keyValuePair key="x_ipsimlanguage" value="MIXED" description="" />
   <keyValuePair key="x_ipvendor" value="xilinx.com" description="" />
   <keyValuePair key="x_ipversion" value="1.0" description="" />
  </section>
  <section name="ov7670_vga/1" level="2" order="7" description="">
   <keyValuePair key="core_container" value="NA" description="" />
   <keyValuePair key="iptotal" value="1" description="" />
   <keyValuePair key="x_ipcorerevision" value="1" description="" />
   <keyValuePair key="x_iplanguage" value="VERILOG" description="" />
   <keyValuePair key="x_iplibrary" value="module_ref" description="" />
   <keyValuePair key="x_ipname" value="ov7670_vga" description="" />
   <keyValuePair key="x_ipproduct" value="Vivado 2018.3" description="" />
   <keyValuePair key="x_ipsimlanguage" value="MIXED" description="" />
   <keyValuePair key="x_ipvendor" value="xilinx.com" description="" />
   <keyValuePair key="x_ipversion" value="1.0" description="" />
  </section>
 </section>
 <section name="power_opt_design" level="1" order="4" description="">
  <section name="command_line_options_spo" level="2" order="1" description="">
   <keyValuePair key="-cell_types" value="default::all" description="" />
   <keyValuePair key="-clocks" value="default::[not_specified]" description="" />
   <keyValuePair key="-exclude_cells" value="default::[not_specified]" description="" />
   <keyValuePair key="-include_cells" value="default::[not_specified]" description="" />
  </section>
  <section name="usage" level="2" order="2" description="">
   <keyValuePair key="bram_ports_augmented" value="124" description="" />
   <keyValuePair key="bram_ports_newly_gated" value="89" description="" />
   <keyValuePair key="bram_ports_total" value="178" description="" />
   <keyValuePair key="flow_state" value="default" description="" />
   <keyValuePair key="slice_registers_augmented" value="0" description="" />
   <keyValuePair key="slice_registers_newly_gated" value="0" description="" />
   <keyValuePair key="slice_registers_total" value="248" description="" />
   <keyValuePair key="srls_augmented" value="0" description="" />
   <keyValuePair key="srls_newly_gated" value="0" description="" />
   <keyValuePair key="srls_total" value="0" description="" />
  </section>
 </section>
 <section name="report_drc" level="1" order="5" description="">
  <section name="command_line_options" level="2" order="1" description="">
   <keyValuePair key="-append" value="default::[not_specified]" description="" />
   <keyValuePair key="-checks" value="default::[not_specified]" description="" />
   <keyValuePair key="-fail_on" value="default::[not_specified]" description="" />
   <keyValuePair key="-force" value="default::[not_specified]" description="" />
   <keyValuePair key="-format" value="default::[not_specified]" description="" />
   <keyValuePair key="-internal" value="default::[not_specified]" description="" />
   <keyValuePair key="-internal_only" value="default::[not_specified]" description="" />
   <keyValuePair key="-messages" value="default::[not_specified]" description="" />
   <keyValuePair key="-name" value="default::[not_specified]" description="" />
   <keyValuePair key="-no_waivers" value="default::[not_specified]" description="" />
   <keyValuePair key="-return_string" value="default::[not_specified]" description="" />
   <keyValuePair key="-ruledecks" value="default::[not_specified]" description="" />
   <keyValuePair key="-upgrade_cw" value="default::[not_specified]" description="" />
   <keyValuePair key="-waived" value="default::[not_specified]" description="" />
  </section>
  <section name="results" level="2" order="2" description="">
   <keyValuePair key="cfgbvs-1" value="1" description="" />
   <keyValuePair key="rpbf-3" value="1" description="" />
  </section>
 </section>
 <section name="report_utilization" level="1" order="6" description="">
  <section name="clocking" level="2" order="1" description="">
   <keyValuePair key="bufgctrl_available" value="32" description="" />
   <keyValuePair key="bufgctrl_fixed" value="0" description="" />
   <keyValuePair key="bufgctrl_used" value="4" description="" />
   <keyValuePair key="bufgctrl_util_percentage" value="12.50" description="" />
   <keyValuePair key="bufhce_available" value="96" description="" />
   <keyValuePair key="bufhce_fixed" value="0" description="" />
   <keyValuePair key="bufhce_used" value="0" description="" />
   <keyValuePair key="bufhce_util_percentage" value="0.00" description="" />
   <keyValuePair key="bufio_available" value="24" description="" />
   <keyValuePair key="bufio_fixed" value="0" description="" />
   <keyValuePair key="bufio_used" value="0" description="" />
   <keyValuePair key="bufio_util_percentage" value="0.00" description="" />
   <keyValuePair key="bufmrce_available" value="12" description="" />
   <keyValuePair key="bufmrce_fixed" value="0" description="" />
   <keyValuePair key="bufmrce_used" value="0" description="" />
   <keyValuePair key="bufmrce_util_percentage" value="0.00" description="" />
   <keyValuePair key="bufr_available" value="24" description="" />
   <keyValuePair key="bufr_fixed" value="0" description="" />
   <keyValuePair key="bufr_used" value="0" description="" />
   <keyValuePair key="bufr_util_percentage" value="0.00" description="" />
   <keyValuePair key="mmcme2_adv_available" value="6" description="" />
   <keyValuePair key="mmcme2_adv_fixed" value="0" description="" />
   <keyValuePair key="mmcme2_adv_used" value="1" description="" />
   <keyValuePair key="mmcme2_adv_util_percentage" value="16.67" description="" />
   <keyValuePair key="plle2_adv_available" value="6" description="" />
   <keyValuePair key="plle2_adv_fixed" value="0" description="" />
   <keyValuePair key="plle2_adv_used" value="0" description="" />
   <keyValuePair key="plle2_adv_util_percentage" value="0.00" description="" />
  </section>
  <section name="dsp" level="2" order="2" description="">
   <keyValuePair key="dsps_available" value="240" description="" />
   <keyValuePair key="dsps_fixed" value="0" description="" />
   <keyValuePair key="dsps_used" value="0" description="" />
   <keyValuePair key="dsps_util_percentage" value="0.00" description="" />
  </section>
  <section name="io_standard" level="2" order="3" description="">
   <keyValuePair key="blvds_25" value="0" description="" />
   <keyValuePair key="diff_hstl_i" value="0" description="" />
   <keyValuePair key="diff_hstl_i_18" value="0" description="" />
   <keyValuePair key="diff_hstl_ii" value="0" description="" />
   <keyValuePair key="diff_hstl_ii_18" value="0" description="" />
   <keyValuePair key="diff_hsul_12" value="0" description="" />
   <keyValuePair key="diff_mobile_ddr" value="0" description="" />
   <keyValuePair key="diff_sstl135" value="0" description="" />
   <keyValuePair key="diff_sstl135_r" value="0" description="" />
   <keyValuePair key="diff_sstl15" value="0" description="" />
   <keyValuePair key="diff_sstl15_r" value="0" description="" />
   <keyValuePair key="diff_sstl18_i" value="0" description="" />
   <keyValuePair key="diff_sstl18_ii" value="0" description="" />
   <keyValuePair key="hstl_i" value="0" description="" />
   <keyValuePair key="hstl_i_18" value="0" description="" />
   <keyValuePair key="hstl_ii" value="0" description="" />
   <keyValuePair key="hstl_ii_18" value="0" description="" />
   <keyValuePair key="hsul_12" value="0" description="" />
   <keyValuePair key="lvcmos12" value="0" description="" />
   <keyValuePair key="lvcmos15" value="0" description="" />
   <keyValuePair key="lvcmos18" value="0" description="" />
   <keyValuePair key="lvcmos25" value="0" description="" />
   <keyValuePair key="lvcmos33" value="1" description="" />
   <keyValuePair key="lvds_25" value="0" description="" />
   <keyValuePair key="lvttl" value="0" description="" />
   <keyValuePair key="mini_lvds_25" value="0" description="" />
   <keyValuePair key="mobile_ddr" value="0" description="" />
   <keyValuePair key="pci33_3" value="0" description="" />
   <keyValuePair key="ppds_25" value="0" description="" />
   <keyValuePair key="rsds_25" value="0" description="" />
   <keyValuePair key="sstl135" value="0" description="" />
   <keyValuePair key="sstl135_r" value="0" description="" />
   <keyValuePair key="sstl15" value="0" description="" />
   <keyValuePair key="sstl15_r" value="0" description="" />
   <keyValuePair key="sstl18_i" value="0" description="" />
   <keyValuePair key="sstl18_ii" value="0" description="" />
   <keyValuePair key="tmds_33" value="0" description="" />
  </section>
  <section name="memory" level="2" order="4" description="">
   <keyValuePair key="block_ram_tile_available" value="135" description="" />
   <keyValuePair key="block_ram_tile_fixed" value="0" description="" />
   <keyValuePair key="block_ram_tile_used" value="88.5" description="" />
   <keyValuePair key="block_ram_tile_util_percentage" value="65.56" description="" />
   <keyValuePair key="ramb18_available" value="270" description="" />
   <keyValuePair key="ramb18_fixed" value="0" description="" />
   <keyValuePair key="ramb18_used" value="1" description="" />
   <keyValuePair key="ramb18_util_percentage" value="0.37" description="" />
   <keyValuePair key="ramb18e1_only_used" value="1" description="" />
   <keyValuePair key="ramb36_fifo_available" value="135" description="" />
   <keyValuePair key="ramb36_fifo_fixed" value="0" description="" />
   <keyValuePair key="ramb36_fifo_used" value="88" description="" />
   <keyValuePair key="ramb36_fifo_util_percentage" value="65.19" description="" />
   <keyValuePair key="ramb36e1_only_used" value="88" description="" />
  </section>
  <section name="primitives" level="2" order="5" description="">
   <keyValuePair key="bufg_functional_category" value="Clock" description="" />
   <keyValuePair key="bufg_used" value="4" description="" />
   <keyValuePair key="carry4_functional_category" value="CarryLogic" description="" />
   <keyValuePair key="carry4_used" value="16" description="" />
   <keyValuePair key="fdce_functional_category" value="Flop &amp; Latch" description="" />
   <keyValuePair key="fdce_used" value="6" description="" />
   <keyValuePair key="fdre_functional_category" value="Flop &amp; Latch" description="" />
   <keyValuePair key="fdre_used" value="217" description="" />
   <keyValuePair key="fdse_functional_category" value="Flop &amp; Latch" description="" />
   <keyValuePair key="fdse_used" value="31" description="" />
   <keyValuePair key="ibuf_functional_category" value="IO" description="" />
   <keyValuePair key="ibuf_used" value="13" description="" />
   <keyValuePair key="lut1_functional_category" value="LUT" description="" />
   <keyValuePair key="lut1_used" value="9" description="" />
   <keyValuePair key="lut2_functional_category" value="LUT" description="" />
   <keyValuePair key="lut2_used" value="73" description="" />
   <keyValuePair key="lut3_functional_category" value="LUT" description="" />
   <keyValuePair key="lut3_used" value="29" description="" />
   <keyValuePair key="lut4_functional_category" value="LUT" description="" />
   <keyValuePair key="lut4_used" value="114" description="" />
   <keyValuePair key="lut5_functional_category" value="LUT" description="" />
   <keyValuePair key="lut5_used" value="77" description="" />
   <keyValuePair key="lut6_functional_category" value="LUT" description="" />
   <keyValuePair key="lut6_used" value="246" description="" />
   <keyValuePair key="mmcme2_adv_functional_category" value="Clock" description="" />
   <keyValuePair key="mmcme2_adv_used" value="1" description="" />
   <keyValuePair key="muxf7_functional_category" value="MuxFx" description="" />
   <keyValuePair key="muxf7_used" value="72" description="" />
   <keyValuePair key="muxf8_functional_category" value="MuxFx" description="" />
   <keyValuePair key="muxf8_used" value="36" description="" />
   <keyValuePair key="obuf_functional_category" value="IO" description="" />
   <keyValuePair key="obuf_used" value="20" description="" />
   <keyValuePair key="ramb18e1_functional_category" value="Block Memory" description="" />
   <keyValuePair key="ramb18e1_used" value="1" description="" />
   <keyValuePair key="ramb36e1_functional_category" value="Block Memory" description="" />
   <keyValuePair key="ramb36e1_used" value="88" description="" />
  </section>
  <section name="slice_logic" level="2" order="6" description="">
   <keyValuePair key="f7_muxes_available" value="31700" description="" />
   <keyValuePair key="f7_muxes_fixed" value="0" description="" />
   <keyValuePair key="f7_muxes_used" value="72" description="" />
   <keyValuePair key="f7_muxes_util_percentage" value="0.23" description="" />
   <keyValuePair key="f8_muxes_available" value="15850" description="" />
   <keyValuePair key="f8_muxes_fixed" value="0" description="" />
   <keyValuePair key="f8_muxes_used" value="36" description="" />
   <keyValuePair key="f8_muxes_util_percentage" value="0.23" description="" />
   <keyValuePair key="lut_as_distributed_ram_fixed" value="0" description="" />
   <keyValuePair key="lut_as_distributed_ram_used" value="0" description="" />
   <keyValuePair key="lut_as_logic_available" value="63400" description="" />
   <keyValuePair key="lut_as_logic_available" value="63400" description="" />
   <keyValuePair key="lut_as_logic_fixed" value="0" description="" />
   <keyValuePair key="lut_as_logic_fixed" value="0" description="" />
   <keyValuePair key="lut_as_logic_used" value="507" description="" />
   <keyValuePair key="lut_as_logic_used" value="507" description="" />
   <keyValuePair key="lut_as_logic_util_percentage" value="0.80" description="" />
   <keyValuePair key="lut_as_logic_util_percentage" value="0.80" description="" />
   <keyValuePair key="lut_as_memory_available" value="19000" description="" />
   <keyValuePair key="lut_as_memory_available" value="19000" description="" />
   <keyValuePair key="lut_as_memory_fixed" value="0" description="" />
   <keyValuePair key="lut_as_memory_fixed" value="0" description="" />
   <keyValuePair key="lut_as_memory_used" value="0" description="" />
   <keyValuePair key="lut_as_memory_used" value="0" description="" />
   <keyValuePair key="lut_as_memory_util_percentage" value="0.00" description="" />
   <keyValuePair key="lut_as_memory_util_percentage" value="0.00" description="" />
   <keyValuePair key="lut_as_shift_register_fixed" value="0" description="" />
   <keyValuePair key="lut_as_shift_register_used" value="0" description="" />
   <keyValuePair key="lut_in_front_of_the_register_is_unused_fixed" value="0" description="" />
   <keyValuePair key="lut_in_front_of_the_register_is_unused_used" value="75" description="" />
   <keyValuePair key="lut_in_front_of_the_register_is_used_fixed" value="75" description="" />
   <keyValuePair key="lut_in_front_of_the_register_is_used_used" value="13" description="" />
   <keyValuePair key="register_as_flip_flop_available" value="126800" description="" />
   <keyValuePair key="register_as_flip_flop_fixed" value="0" description="" />
   <keyValuePair key="register_as_flip_flop_used" value="254" description="" />
   <keyValuePair key="register_as_flip_flop_util_percentage" value="0.20" description="" />
   <keyValuePair key="register_as_latch_available" value="126800" description="" />
   <keyValuePair key="register_as_latch_fixed" value="0" description="" />
   <keyValuePair key="register_as_latch_used" value="0" description="" />
   <keyValuePair key="register_as_latch_util_percentage" value="0.00" description="" />
   <keyValuePair key="register_driven_from_outside_the_slice_fixed" value="13" description="" />
   <keyValuePair key="register_driven_from_outside_the_slice_used" value="88" description="" />
   <keyValuePair key="register_driven_from_within_the_slice_fixed" value="88" description="" />
   <keyValuePair key="register_driven_from_within_the_slice_used" value="166" description="" />
   <keyValuePair key="slice_available" value="15850" description="" />
   <keyValuePair key="slice_fixed" value="0" description="" />
   <keyValuePair key="slice_luts_available" value="63400" description="" />
   <keyValuePair key="slice_luts_fixed" value="0" description="" />
   <keyValuePair key="slice_luts_used" value="507" description="" />
   <keyValuePair key="slice_luts_util_percentage" value="0.80" description="" />
   <keyValuePair key="slice_registers_available" value="126800" description="" />
   <keyValuePair key="slice_registers_available" value="126800" description="" />
   <keyValuePair key="slice_registers_fixed" value="0" description="" />
   <keyValuePair key="slice_registers_fixed" value="0" description="" />
   <keyValuePair key="slice_registers_used" value="254" description="" />
   <keyValuePair key="slice_registers_used" value="254" description="" />
   <keyValuePair key="slice_registers_util_percentage" value="0.20" description="" />
   <keyValuePair key="slice_registers_util_percentage" value="0.20" description="" />
   <keyValuePair key="slice_used" value="243" description="" />
   <keyValuePair key="slice_util_percentage" value="1.53" description="" />
   <keyValuePair key="slicel_fixed" value="0" description="" />
   <keyValuePair key="slicel_used" value="117" description="" />
   <keyValuePair key="slicem_fixed" value="0" description="" />
   <keyValuePair key="slicem_used" value="126" description="" />
   <keyValuePair key="unique_control_sets_available" value="15850" description="" />
   <keyValuePair key="unique_control_sets_fixed" value="15850" description="" />
   <keyValuePair key="unique_control_sets_used" value="14" description="" />
   <keyValuePair key="unique_control_sets_util_percentage" value="0.09" description="" />
   <keyValuePair key="using_o5_and_o6_fixed" value="0.09" description="" />
   <keyValuePair key="using_o5_and_o6_used" value="41" description="" />
   <keyValuePair key="using_o5_output_only_fixed" value="41" description="" />
   <keyValuePair key="using_o5_output_only_used" value="0" description="" />
   <keyValuePair key="using_o6_output_only_fixed" value="0" description="" />
   <keyValuePair key="using_o6_output_only_used" value="466" description="" />
  </section>
  <section name="specific_feature" level="2" order="7" description="">
   <keyValuePair key="bscane2_available" value="4" description="" />
   <keyValuePair key="bscane2_fixed" value="0" description="" />
   <keyValuePair key="bscane2_used" value="0" description="" />
   <keyValuePair key="bscane2_util_percentage" value="0.00" description="" />
   <keyValuePair key="capturee2_available" value="1" description="" />
   <keyValuePair key="capturee2_fixed" value="0" description="" />
   <keyValuePair key="capturee2_used" value="0" description="" />
   <keyValuePair key="capturee2_util_percentage" value="0.00" description="" />
   <keyValuePair key="dna_port_available" value="1" description="" />
   <keyValuePair key="dna_port_fixed" value="0" description="" />
   <keyValuePair key="dna_port_used" value="0" description="" />
   <keyValuePair key="dna_port_util_percentage" value="0.00" description="" />
   <keyValuePair key="efuse_usr_available" value="1" description="" />
   <keyValuePair key="efuse_usr_fixed" value="0" description="" />
   <keyValuePair key="efuse_usr_used" value="0" description="" />
   <keyValuePair key="efuse_usr_util_percentage" value="0.00" description="" />
   <keyValuePair key="frame_ecce2_available" value="1" description="" />
   <keyValuePair key="frame_ecce2_fixed" value="0" description="" />
   <keyValuePair key="frame_ecce2_used" value="0" description="" />
   <keyValuePair key="frame_ecce2_util_percentage" value="0.00" description="" />
   <keyValuePair key="icape2_available" value="2" description="" />
   <keyValuePair key="icape2_fixed" value="0" description="" />
   <keyValuePair key="icape2_used" value="0" description="" />
   <keyValuePair key="icape2_util_percentage" value="0.00" description="" />
   <keyValuePair key="pcie_2_1_available" value="1" description="" />
   <keyValuePair key="pcie_2_1_fixed" value="0" description="" />
   <keyValuePair key="pcie_2_1_used" value="0" description="" />
   <keyValuePair key="pcie_2_1_util_percentage" value="0.00" description="" />
   <keyValuePair key="startupe2_available" value="1" description="" />
   <keyValuePair key="startupe2_fixed" value="0" description="" />
   <keyValuePair key="startupe2_used" value="0" description="" />
   <keyValuePair key="startupe2_util_percentage" value="0.00" description="" />
   <keyValuePair key="xadc_available" value="1" description="" />
   <keyValuePair key="xadc_fixed" value="0" description="" />
   <keyValuePair key="xadc_used" value="0" description="" />
   <keyValuePair key="xadc_util_percentage" value="0.00" description="" />
  </section>
 </section>
 <section name="synthesis" level="1" order="7" description="">
  <section name="command_line_options" level="2" order="1" description="">
   <keyValuePair key="-assert" value="default::[not_specified]" description="" />
   <keyValuePair key="-bufg" value="default::12" description="" />
   <keyValuePair key="-cascade_dsp" value="default::auto" description="" />
   <keyValuePair key="-constrset" value="default::[not_specified]" description="" />
   <keyValuePair key="-control_set_opt_threshold" value="default::auto" description="" />
   <keyValuePair key="-directive" value="default::default" description="" />
   <keyValuePair key="-fanout_limit" value="default::10000" description="" />
   <keyValuePair key="-flatten_hierarchy" value="default::rebuilt" description="" />
   <keyValuePair key="-fsm_extraction" value="default::auto" description="" />
   <keyValuePair key="-gated_clock_conversion" value="default::off" description="" />
   <keyValuePair key="-generic" value="default::[not_specified]" description="" />
   <keyValuePair key="-include_dirs" value="default::[not_specified]" description="" />
   <keyValuePair key="-keep_equivalent_registers" value="default::[not_specified]" description="" />
   <keyValuePair key="-max_bram" value="default::-1" description="" />
   <keyValuePair key="-max_bram_cascade_height" value="default::-1" description="" />
   <keyValuePair key="-max_dsp" value="default::-1" description="" />
   <keyValuePair key="-max_uram" value="default::-1" description="" />
   <keyValuePair key="-max_uram_cascade_height" value="default::-1" description="" />
   <keyValuePair key="-mode" value="default::default" description="" />
   <keyValuePair key="-name" value="default::[not_specified]" description="" />
   <keyValuePair key="-no_lc" value="default::[not_specified]" description="" />
   <keyValuePair key="-no_srlextract" value="default::[not_specified]" description="" />
   <keyValuePair key="-no_timing_driven" value="default::[not_specified]" description="" />
   <keyValuePair key="-part" value="xc7a100tcsg324-1" description="" />
   <keyValuePair key="-resource_sharing" value="default::auto" description="" />
   <keyValuePair key="-retiming" value="default::[not_specified]" description="" />
   <keyValuePair key="-rtl" value="default::[not_specified]" description="" />
   <keyValuePair key="-rtl_skip_constraints" value="default::[not_specified]" description="" />
   <keyValuePair key="-rtl_skip_ip" value="default::[not_specified]" description="" />
   <keyValuePair key="-seu_protect" value="default::none" description="" />
   <keyValuePair key="-sfcu" value="default::[not_specified]" description="" />
   <keyValuePair key="-shreg_min_size" value="default::3" description="" />
   <keyValuePair key="-top" value="design_1_wrapper" description="" />
   <keyValuePair key="-verilog_define" value="default::[not_specified]" description="" />
  </section>
  <section name="usage" level="2" order="2" description="">
   <keyValuePair key="elapsed" value="00:00:29s" description="" />
   <keyValuePair key="hls_ip" value="0" description="" />
   <keyValuePair key="memory_gain" value="497.727MB" description="" />
   <keyValuePair key="memory_peak" value="768.164MB" description="" />
  </section>
 </section>
 <section name="unisim_transformation" level="1" order="8" description="">
  <section name="post_unisim_transformation" level="2" order="1" description="">
   <keyValuePair key="bufg" value="3" description="" />
   <keyValuePair key="carry4" value="16" description="" />
   <keyValuePair key="fdce" value="6" description="" />
   <keyValuePair key="fdre" value="217" description="" />
   <keyValuePair key="fdse" value="31" description="" />
   <keyValuePair key="gnd" value="87" description="" />
   <keyValuePair key="ibuf" value="13" description="" />
   <keyValuePair key="lut1" value="9" description="" />
   <keyValuePair key="lut2" value="48" description="" />
   <keyValuePair key="lut3" value="29" description="" />
   <keyValuePair key="lut4" value="14" description="" />
   <keyValuePair key="lut5" value="77" description="" />
   <keyValuePair key="lut6" value="246" description="" />
   <keyValuePair key="mmcme2_adv" value="1" description="" />
   <keyValuePair key="muxf7" value="72" description="" />
   <keyValuePair key="muxf8" value="36" description="" />
   <keyValuePair key="obuf" value="20" description="" />
   <keyValuePair key="ramb18e1" value="1" description="" />
   <keyValuePair key="ramb36e1" value="88" description="" />
   <keyValuePair key="vcc" value="85" description="" />
  </section>
  <section name="pre_unisim_transformation" level="2" order="2" description="">
   <keyValuePair key="bufg" value="3" description="" />
   <keyValuePair key="carry4" value="16" description="" />
   <keyValuePair key="fdce" value="6" description="" />
   <keyValuePair key="fdre" value="217" description="" />
   <keyValuePair key="fdse" value="31" description="" />
   <keyValuePair key="gnd" value="87" description="" />
   <keyValuePair key="ibuf" value="13" description="" />
   <keyValuePair key="lut1" value="9" description="" />
   <keyValuePair key="lut2" value="48" description="" />
   <keyValuePair key="lut3" value="29" description="" />
   <keyValuePair key="lut4" value="14" description="" />
   <keyValuePair key="lut5" value="77" description="" />
   <keyValuePair key="lut6" value="246" description="" />
   <keyValuePair key="mmcme2_adv" value="1" description="" />
   <keyValuePair key="muxf7" value="72" description="" />
   <keyValuePair key="muxf8" value="36" description="" />
   <keyValuePair key="obuf" value="19" description="" />
   <keyValuePair key="ramb18e1" value="1" description="" />
   <keyValuePair key="ramb36e1" value="88" description="" />
   <keyValuePair key="vcc" value="85" description="" />
  </section>
 </section>
 <section name="vivado_usage" level="1" order="9" description="">
  <section name="gui_handlers" level="2" order="1" description="">
   <keyValuePair key="addsrcwizard_specify_or_create_constraint_files" value="1" description="" />
   <keyValuePair key="basedialog_cancel" value="13" description="" />
   <keyValuePair key="basedialog_ok" value="93" description="" />
   <keyValuePair key="basedialog_yes" value="13" description="" />
   <keyValuePair key="boardchooser_board_table" value="1" description="" />
   <keyValuePair key="cmdmsgdialog_ok" value="7" description="" />
   <keyValuePair key="constraintschooserpanel_create_file" value="3" description="" />
   <keyValuePair key="coretreetablepanel_core_tree_table" value="5" description="" />
   <keyValuePair key="createconstraintsfilepanel_file_name" value="2" description="" />
   <keyValuePair key="createsrcfiledialog_file_name" value="7" description="" />
   <keyValuePair key="createsrcfiledialog_file_type" value="7" description="" />
   <keyValuePair key="filesetpanel_file_set_panel_tree" value="87" description="" />
   <keyValuePair key="flownavigatortreepanel_flow_navigator_tree" value="22" description="" />
   <keyValuePair key="mainmenumgr_file" value="6" description="" />
   <keyValuePair key="mainmenumgr_flow" value="2" description="" />
   <keyValuePair key="mainmenumgr_open_recent_project" value="2" description="" />
   <keyValuePair key="mainmenumgr_project" value="5" description="" />
   <keyValuePair key="mainmenumgr_reports" value="2" description="" />
   <keyValuePair key="maintoolbarmgr_run" value="2" description="" />
   <keyValuePair key="modifiedconstraintswithouttargetdialog_update" value="2" description="" />
   <keyValuePair key="msgtreepanel_message_view_tree" value="2" description="" />
   <keyValuePair key="pacommandnames_add_sources" value="4" description="" />
   <keyValuePair key="pacommandnames_auto_connect_ports" value="7" description="" />
   <keyValuePair key="pacommandnames_auto_connect_target" value="1" description="" />
   <keyValuePair key="pacommandnames_auto_update_hier" value="1" description="" />
   <keyValuePair key="pacommandnames_create_top_hdl" value="1" description="" />
   <keyValuePair key="pacommandnames_goto_source" value="3" description="" />
   <keyValuePair key="pacommandnames_new_project" value="1" description="" />
   <keyValuePair key="pacommandnames_pin_all_rsb_on_canvas" value="1" description="" />
   <keyValuePair key="pacommandnames_pin_rsb_on_canvas" value="1" description="" />
   <keyValuePair key="pacommandnames_regenerate_layout" value="2" description="" />
   <keyValuePair key="pacommandnames_reports_window" value="1" description="" />
   <keyValuePair key="pacommandnames_run_bitgen" value="3" description="" />
   <keyValuePair key="pacommandnames_set_as_top" value="1" description="" />
   <keyValuePair key="pacommandnames_toggle_view_nav" value="8" description="" />
   <keyValuePair key="pacommandnames_unpin_all_rsb_on_canvas" value="1" description="" />
   <keyValuePair key="pacommandnames_validate_rsb_design" value="2" description="" />
   <keyValuePair key="pacommandnames_zoom_out" value="3" description="" />
   <keyValuePair key="paviews_code" value="10" description="" />
   <keyValuePair key="paviews_package" value="1" description="" />
   <keyValuePair key="paviews_project_summary" value="12" description="" />
   <keyValuePair key="planaheadtab_refresh_changed_modules" value="2" description="" />
   <keyValuePair key="planaheadtab_show_flow_navigator" value="9" description="" />
   <keyValuePair key="programdebugtab_open_target" value="1" description="" />
   <keyValuePair key="programdebugtab_program_device" value="2" description="" />
   <keyValuePair key="programfpgadialog_program" value="1" description="" />
   <keyValuePair key="progressdialog_cancel" value="7" description="" />
   <keyValuePair key="projectnamechooser_choose_project_location" value="2" description="" />
   <keyValuePair key="projectnamechooser_project_name" value="1" description="" />
   <keyValuePair key="projecttab_reload" value="12" description="" />
   <keyValuePair key="rdicommands_properties" value="1" description="" />
   <keyValuePair key="rsbapplyautomationbar_run_connection_automation" value="2" description="" />
   <keyValuePair key="saveprojectutils_save" value="4" description="" />
   <keyValuePair key="selectmenu_highlight" value="18" description="" />
   <keyValuePair key="signaltreepanel_signal_tree_table" value="36" description="" />
   <keyValuePair key="srcchooserpanel_create_file" value="8" description="" />
   <keyValuePair key="srcmenu_ip_hierarchy" value="1" description="" />
   <keyValuePair key="syntheticastatemonitor_cancel" value="2" description="" />
   <keyValuePair key="systembuildermenu_add_ip" value="2" description="" />
   <keyValuePair key="systembuilderview_pin_blocks_and_ports_to_location" value="2" description="" />
   <keyValuePair key="systembuilderview_pinning" value="23" description="" />
   <keyValuePair key="systemtreeview_system_tree" value="1" description="" />
   <keyValuePair key="taskbanner_close" value="5" description="" />
  </section>
  <section name="java_command_handlers" level="2" order="2" description="">
   <keyValuePair key="addsources" value="3" description="" />
   <keyValuePair key="autoconnectport" value="17" description="" />
   <keyValuePair key="autoconnecttarget" value="1" description="" />
   <keyValuePair key="createblockdesign" value="1" description="" />
   <keyValuePair key="createtophdl" value="1" description="" />
   <keyValuePair key="customizersbblock" value="16" description="" />
   <keyValuePair key="editcopy" value="1" description="" />
   <keyValuePair key="editdelete" value="2" description="" />
   <keyValuePair key="editproperties" value="1" description="" />
   <keyValuePair key="launchprogramfpga" value="1" description="" />
   <keyValuePair key="newproject" value="1" description="" />
   <keyValuePair key="openblockdesign" value="5" description="" />
   <keyValuePair key="openhardwaremanager" value="1" description="" />
   <keyValuePair key="pinallrsbincanvas" value="1" description="" />
   <keyValuePair key="pinrsbincanvas" value="1" description="" />
   <keyValuePair key="recustomizecore" value="2" description="" />
   <keyValuePair key="regeneratersblayout" value="1" description="" />
   <keyValuePair key="runbitgen" value="8" description="" />
   <keyValuePair key="runimplementation" value="4" description="" />
   <keyValuePair key="runsynthesis" value="4" description="" />
   <keyValuePair key="savedesign" value="2" description="" />
   <keyValuePair key="saversbdesign" value="3" description="" />
   <keyValuePair key="settopnode" value="1" description="" />
   <keyValuePair key="showsource" value="3" description="" />
   <keyValuePair key="showview" value="3" description="" />
   <keyValuePair key="toggleviewnavigator" value="6" description="" />
   <keyValuePair key="unpinallrsbincanvas" value="1" description="" />
   <keyValuePair key="validatersbdesign" value="1" description="" />
   <keyValuePair key="viewtaskrtlanalysis" value="3" description="" />
   <keyValuePair key="zoomout" value="2" description="" />
  </section>
  <section name="other_data" level="2" order="3" description="">
   <keyValuePair key="guimode" value="9" description="" />
  </section>
  <section name="project_data" level="2" order="4" description="">
   <keyValuePair key="constraintsetcount" value="1" description="" />
   <keyValuePair key="core_container" value="false" description="" />
   <keyValuePair key="currentimplrun" value="impl_1" description="" />
   <keyValuePair key="currentsynthesisrun" value="synth_1" description="" />
   <keyValuePair key="default_library" value="xil_defaultlib" description="" />
   <keyValuePair key="designmode" value="RTL" description="" />
   <keyValuePair key="export_simulation_activehdl" value="0" description="" />
   <keyValuePair key="export_simulation_ies" value="0" description="" />
   <keyValuePair key="export_simulation_modelsim" value="0" description="" />
   <keyValuePair key="export_simulation_questa" value="0" description="" />
   <keyValuePair key="export_simulation_riviera" value="0" description="" />
   <keyValuePair key="export_simulation_vcs" value="0" description="" />
   <keyValuePair key="export_simulation_xsim" value="0" description="" />
   <keyValuePair key="implstrategy" value="Vivado Implementation Defaults" description="" />
   <keyValuePair key="launch_simulation_activehdl" value="0" description="" />
   <keyValuePair key="launch_simulation_ies" value="0" description="" />
   <keyValuePair key="launch_simulation_modelsim" value="0" description="" />
   <keyValuePair key="launch_simulation_questa" value="0" description="" />
   <keyValuePair key="launch_simulation_riviera" value="0" description="" />
   <keyValuePair key="launch_simulation_vcs" value="0" description="" />
   <keyValuePair key="launch_simulation_xsim" value="0" description="" />
   <keyValuePair key="simulator_language" value="Mixed" description="" />
   <keyValuePair key="srcsetcount" value="8" description="" />
   <keyValuePair key="synthesisstrategy" value="Vivado Synthesis Defaults" description="" />
   <keyValuePair key="target_language" value="Verilog" description="" />
   <keyValuePair key="target_simulator" value="XSim" description="" />
   <keyValuePair key="totalimplruns" value="7" description="" />
   <keyValuePair key="totalsynthesisruns" value="7" description="" />
  </section>
 </section>
</section>
</webTalkData>
